image_idx,trialidx,fixations_count,found,sloc_fixation_index,size,search,singleton
1,1,3,TRUE,-1,0,1,0
2,2,3,TRUE,-1,0,1,0
3,3,1,TRUE,-1,0,1,0
4,4,3,TRUE,-1,0,1,0
5,5,2,TRUE,-1,0,1,0
6,6,3,TRUE,-1,0,1,0
7,7,2,TRUE,-1,0,1,0
8,8,1,TRUE,-1,0,1,0
9,9,1,TRUE,-1,0,1,0
10,10,2,TRUE,-1,0,1,0
11,11,3,TRUE,-1,0,1,0
12,12,2,TRUE,-1,0,1,0
13,13,1,TRUE,-1,0,1,0
14,14,3,TRUE,-1,0,1,0
15,15,2,TRUE,-1,0,1,0
16,16,1,TRUE,-1,0,1,0
17,17,3,TRUE,-1,0,1,0
18,18,1,TRUE,-1,0,1,0
19,19,2,TRUE,-1,0,1,0
20,20,3,TRUE,-1,0,1,0
21,21,3,TRUE,-1,0,1,0
22,22,2,TRUE,-1,0,1,0
23,23,2,TRUE,-1,0,1,0
24,24,1,TRUE,-1,0,1,0
25,25,2,TRUE,-1,0,1,0
26,26,2,TRUE,-1,0,1,0
27,27,1,TRUE,-1,0,1,0
28,28,3,TRUE,-1,0,1,0
29,29,4,TRUE,-1,0,1,0
30,30,2,TRUE,-1,0,1,0
31,31,2,TRUE,-1,0,1,0
32,32,2,TRUE,-1,0,1,0
33,33,2,TRUE,-1,0,1,0
34,34,2,TRUE,-1,0,1,0
35,35,2,TRUE,-1,0,1,0
36,36,3,TRUE,-1,0,1,0
37,37,1,TRUE,-1,0,1,0
38,38,2,TRUE,-1,0,1,0
39,39,2,TRUE,-1,0,1,0
40,40,2,TRUE,-1,0,1,0
41,41,1,TRUE,-1,0,1,0
42,42,2,TRUE,-1,0,1,0
43,43,2,TRUE,-1,0,1,0
44,44,3,TRUE,-1,0,1,0
45,45,3,TRUE,-1,0,1,0
46,46,2,TRUE,-1,0,1,0
47,47,1,TRUE,-1,0,1,0
48,48,3,TRUE,-1,0,1,0
49,49,1,TRUE,-1,0,1,0
50,50,2,TRUE,-1,0,1,0
51,51,2,TRUE,-1,0,1,0
52,52,2,TRUE,-1,0,1,0
53,53,1,TRUE,-1,0,1,0
54,54,3,TRUE,-1,0,1,0
55,55,2,TRUE,-1,0,1,0
56,56,2,TRUE,-1,0,1,0
57,57,2,TRUE,-1,0,1,0
58,58,2,TRUE,-1,0,1,0
59,59,3,TRUE,-1,0,1,0
60,60,2,TRUE,-1,0,1,0
61,61,2,TRUE,-1,0,1,0
62,62,2,TRUE,-1,0,1,0
63,63,2,TRUE,-1,0,1,0
64,64,2,TRUE,-1,0,1,0
65,65,3,TRUE,-1,0,1,0
66,66,1,TRUE,-1,0,1,0
67,67,2,TRUE,-1,0,1,0
68,68,3,TRUE,-1,0,1,0
69,69,3,TRUE,-1,0,1,0
70,70,4,TRUE,-1,0,1,0
71,71,2,TRUE,-1,0,1,0
72,72,2,TRUE,-1,0,1,0
73,73,2,TRUE,-1,0,1,0
74,74,2,TRUE,-1,0,1,0
75,75,2,TRUE,-1,0,1,0
76,76,4,TRUE,-1,0,1,0
77,77,2,TRUE,-1,0,1,0
78,78,3,TRUE,-1,0,1,0
79,79,4,TRUE,-1,0,1,0
80,80,3,TRUE,-1,0,1,0
81,81,1,TRUE,-1,0,1,0
82,82,1,TRUE,-1,0,1,0
83,83,2,TRUE,-1,0,1,0
84,84,3,TRUE,-1,0,1,0
85,85,2,TRUE,-1,0,1,0
86,86,1,TRUE,-1,0,1,0
87,87,2,TRUE,-1,0,1,0
88,88,2,TRUE,-1,0,1,0
89,89,2,TRUE,-1,0,1,0
90,90,1,TRUE,-1,0,1,0
91,91,2,TRUE,-1,0,1,0
92,92,1,TRUE,-1,0,1,0
93,93,1,TRUE,-1,0,1,0
94,94,1,TRUE,-1,0,1,0
95,95,2,TRUE,-1,0,1,0
96,96,3,TRUE,-1,0,1,0
97,97,3,TRUE,-1,0,1,0
98,98,2,TRUE,-1,0,1,0
99,99,3,TRUE,-1,0,1,0
100,100,2,TRUE,-1,0,1,0
101,101,2,TRUE,-1,0,1,0
102,102,3,TRUE,-1,0,1,0
103,103,2,TRUE,-1,0,1,0
104,104,1,TRUE,-1,0,1,0
105,105,2,TRUE,-1,0,1,0
106,106,1,TRUE,-1,0,1,0
107,107,3,TRUE,-1,0,1,0
108,108,3,TRUE,-1,0,1,0
109,109,3,TRUE,-1,0,1,0
110,110,1,TRUE,-1,0,1,0
111,111,2,TRUE,-1,0,1,0
112,112,2,TRUE,-1,0,1,0
113,113,2,TRUE,-1,0,1,0
114,114,2,TRUE,-1,0,1,0
115,115,2,TRUE,-1,0,1,0
116,116,2,TRUE,-1,0,1,0
117,117,2,TRUE,-1,0,1,0
118,118,2,TRUE,-1,0,1,0
119,119,1,TRUE,-1,0,1,0
120,120,2,TRUE,-1,0,1,0
121,121,2,TRUE,-1,0,1,0
122,122,1,TRUE,-1,0,1,0
123,123,2,TRUE,-1,0,1,0
124,124,3,TRUE,-1,0,1,0
125,125,2,TRUE,-1,0,1,0
126,126,2,TRUE,-1,0,1,0
127,127,2,TRUE,-1,0,1,0
128,128,2,TRUE,-1,0,1,0
129,129,4,TRUE,-1,0,1,0
130,130,3,TRUE,-1,0,1,0
131,131,3,TRUE,-1,0,1,0
132,132,1,TRUE,-1,0,1,0
133,133,3,TRUE,-1,0,1,0
134,134,2,TRUE,-1,0,1,0
135,135,2,TRUE,-1,0,1,0
136,136,2,TRUE,-1,0,1,0
137,137,2,TRUE,-1,0,1,0
138,138,1,TRUE,-1,0,1,0
139,139,1,TRUE,-1,0,1,0
140,140,1,TRUE,-1,0,1,0
141,141,2,TRUE,-1,0,1,0
142,142,2,TRUE,-1,0,1,0
143,143,2,TRUE,-1,0,1,0
144,144,3,TRUE,-1,0,1,0
145,145,2,TRUE,-1,0,1,0
146,146,2,TRUE,-1,0,1,0
147,147,3,TRUE,-1,0,1,0
148,148,2,TRUE,-1,0,1,0
149,149,3,TRUE,-1,0,1,0
150,150,2,TRUE,-1,0,1,0
151,151,2,TRUE,-1,0,1,0
152,152,2,TRUE,-1,0,1,0
153,153,2,TRUE,-1,0,1,0
154,154,3,TRUE,-1,0,1,0
155,155,1,TRUE,-1,0,1,0
156,156,2,TRUE,-1,0,1,0
157,157,2,TRUE,-1,0,1,0
158,158,2,TRUE,-1,0,1,0
159,159,2,TRUE,-1,0,1,0
160,160,2,TRUE,-1,0,1,0
161,161,2,TRUE,-1,0,1,0
162,162,3,TRUE,-1,0,1,0
163,163,2,TRUE,-1,0,1,0
164,164,1,TRUE,-1,0,1,0
165,165,2,TRUE,-1,0,1,0
166,166,2,TRUE,-1,0,1,0
167,167,3,TRUE,-1,0,1,0
168,168,3,TRUE,-1,0,1,0
169,169,2,TRUE,-1,0,1,0
170,170,1,TRUE,-1,0,1,0
171,171,2,TRUE,-1,0,1,0
172,172,3,TRUE,-1,0,1,0
173,173,2,TRUE,-1,0,1,0
174,174,2,TRUE,-1,0,1,0
175,175,2,TRUE,-1,0,1,0
176,176,3,TRUE,-1,0,1,0
177,177,3,TRUE,-1,0,1,0
178,178,1,TRUE,-1,0,1,0
179,179,3,TRUE,-1,0,1,0
180,180,3,TRUE,-1,0,1,0
181,181,2,TRUE,-1,0,1,0
182,182,3,TRUE,-1,0,1,0
183,183,2,TRUE,-1,0,1,0
184,184,2,TRUE,-1,0,1,0
185,185,2,TRUE,-1,0,1,0
186,186,2,TRUE,-1,0,1,0
187,187,1,TRUE,-1,0,1,0
188,188,1,TRUE,-1,0,1,0
189,189,2,TRUE,-1,0,1,0
190,190,2,TRUE,-1,0,1,0
191,191,2,TRUE,-1,0,1,0
192,192,2,TRUE,-1,0,1,0
193,193,1,TRUE,-1,0,1,0
194,194,1,TRUE,-1,0,1,0
195,195,3,TRUE,-1,0,1,0
196,196,3,TRUE,-1,0,1,0
197,197,2,TRUE,-1,0,1,0
198,198,4,TRUE,-1,0,1,0
199,199,2,TRUE,-1,0,1,0
200,200,4,TRUE,-1,0,1,0
201,201,2,TRUE,-1,0,1,0
202,202,1,TRUE,-1,0,1,0
203,203,1,TRUE,-1,0,1,0
204,204,2,TRUE,-1,0,1,0
205,205,4,TRUE,-1,0,1,0
206,206,2,TRUE,-1,0,1,0
207,207,2,TRUE,-1,0,1,0
208,208,2,TRUE,-1,0,1,0
209,209,2,TRUE,-1,0,1,0
210,210,3,TRUE,-1,0,1,0
211,211,3,TRUE,-1,0,1,0
212,212,3,TRUE,-1,0,1,0
213,213,2,TRUE,-1,0,1,0
214,214,2,TRUE,-1,0,1,0
215,215,3,TRUE,-1,0,1,0
216,216,2,TRUE,-1,0,1,0
217,217,2,TRUE,-1,0,1,0
218,218,1,TRUE,-1,0,1,0
219,219,3,TRUE,-1,0,1,0
220,220,2,TRUE,-1,0,1,0
221,221,3,TRUE,-1,0,1,0
222,222,2,TRUE,-1,0,1,0
223,223,1,TRUE,-1,0,1,0
224,224,2,TRUE,-1,0,1,0
225,225,2,TRUE,-1,0,1,0
226,226,3,TRUE,-1,0,1,0
227,227,3,TRUE,-1,0,1,0
228,228,2,TRUE,-1,0,1,0
229,229,4,TRUE,-1,0,1,0
230,230,2,TRUE,-1,0,1,0
231,231,1,TRUE,-1,0,1,0
232,232,1,TRUE,-1,0,1,0
233,233,2,TRUE,-1,0,1,0
234,234,2,TRUE,-1,0,1,0
235,235,3,TRUE,-1,0,1,0
236,236,2,TRUE,-1,0,1,0
237,237,2,TRUE,-1,0,1,0
238,238,2,TRUE,-1,0,1,0
239,239,2,TRUE,-1,0,1,0
240,240,4,TRUE,-1,0,1,0
241,241,2,TRUE,-1,0,1,0
242,242,2,TRUE,-1,0,1,0
243,243,1,TRUE,-1,0,1,0
244,244,2,TRUE,-1,0,1,0
245,245,2,TRUE,-1,0,1,0
246,246,3,TRUE,-1,0,1,0
247,247,2,TRUE,-1,0,1,0
248,248,2,TRUE,-1,0,1,0
249,249,1,TRUE,-1,0,1,0
250,250,3,TRUE,-1,0,1,0
251,251,3,TRUE,-1,0,1,0
252,252,2,TRUE,-1,0,1,0
253,253,4,TRUE,-1,0,1,0
254,254,2,TRUE,-1,0,1,0
255,255,1,TRUE,-1,0,1,0
256,256,1,TRUE,-1,0,1,0
257,257,1,TRUE,-1,0,1,0
258,258,2,TRUE,-1,0,1,0
259,259,2,TRUE,-1,0,1,0
260,260,2,TRUE,-1,0,1,0
261,261,2,TRUE,-1,0,1,0
262,262,2,TRUE,-1,0,1,0
263,263,3,TRUE,-1,0,1,0
264,264,2,TRUE,-1,0,1,0
265,265,2,TRUE,-1,0,1,0
266,266,1,TRUE,-1,0,1,0
267,267,1,TRUE,-1,0,1,0
268,268,3,TRUE,-1,0,1,0
269,269,2,TRUE,-1,0,1,0
270,270,4,TRUE,-1,0,1,0
271,271,2,TRUE,-1,0,1,0
272,272,1,TRUE,-1,0,1,0
273,273,1,TRUE,-1,0,1,0
274,274,2,TRUE,-1,0,1,0
275,275,1,TRUE,-1,0,1,0
276,276,2,TRUE,-1,0,1,0
277,277,2,TRUE,-1,0,1,0
278,278,2,TRUE,-1,0,1,0
279,279,2,TRUE,-1,0,1,0
280,280,1,TRUE,-1,0,1,0
281,281,2,TRUE,-1,0,1,0
282,282,2,TRUE,-1,0,1,0
283,283,1,TRUE,-1,0,1,0
284,284,3,TRUE,-1,0,1,0
285,285,1,TRUE,-1,0,1,0
286,286,3,TRUE,-1,0,1,0
287,287,2,TRUE,-1,0,1,0
288,288,3,TRUE,-1,0,1,0
289,289,2,TRUE,-1,0,1,0
290,290,2,TRUE,-1,0,1,0
291,291,1,TRUE,-1,0,1,0
292,292,1,TRUE,-1,0,1,0
293,293,1,TRUE,-1,0,1,0
294,294,1,TRUE,-1,0,1,0
295,295,1,TRUE,-1,0,1,0
296,296,2,TRUE,-1,0,1,0
297,297,2,TRUE,-1,0,1,0
298,298,1,TRUE,-1,0,1,0
299,299,2,TRUE,-1,0,1,0
300,300,1,TRUE,-1,0,1,0
301,301,2,TRUE,-1,0,1,0
302,302,1,TRUE,-1,0,1,0
303,303,1,TRUE,-1,0,1,0
304,304,2,TRUE,-1,0,1,0
305,305,2,TRUE,-1,0,1,0
306,306,2,TRUE,-1,0,1,0
307,307,1,TRUE,-1,0,1,0
308,308,1,TRUE,-1,0,1,0
309,309,2,TRUE,-1,0,1,0
310,310,2,TRUE,-1,0,1,0
311,311,1,TRUE,-1,0,1,0
312,312,2,TRUE,-1,0,1,0
313,313,2,TRUE,-1,0,1,0
314,314,3,TRUE,-1,0,1,0
315,315,2,TRUE,-1,0,1,0
316,316,1,TRUE,-1,0,1,0
317,317,3,TRUE,-1,0,1,0
318,318,4,TRUE,-1,0,1,0
319,319,4,TRUE,-1,0,1,0
320,320,2,TRUE,-1,0,1,0
321,321,2,TRUE,-1,0,1,0
322,322,2,TRUE,-1,0,1,0
323,323,2,TRUE,-1,0,1,0
324,324,2,TRUE,-1,0,1,0
325,325,2,TRUE,-1,0,1,0
326,326,2,TRUE,-1,0,1,0
327,327,2,TRUE,-1,0,1,0
328,328,3,TRUE,-1,0,1,0
329,329,1,TRUE,-1,0,1,0
330,330,2,TRUE,-1,0,1,0
331,331,2,TRUE,-1,0,1,0
332,332,2,TRUE,-1,0,1,0
333,333,1,TRUE,-1,0,1,0
334,334,2,TRUE,-1,0,1,0
335,335,2,TRUE,-1,0,1,0
336,336,3,TRUE,-1,0,1,0
337,337,1,TRUE,-1,0,1,0
338,338,2,TRUE,-1,0,1,0
339,339,2,TRUE,-1,0,1,0
340,340,3,TRUE,-1,0,1,0
341,341,2,TRUE,-1,0,1,0
342,342,2,TRUE,-1,0,1,0
343,343,2,TRUE,-1,0,1,0
344,344,2,TRUE,-1,0,1,0
345,345,1,TRUE,-1,0,1,0
346,346,3,TRUE,-1,0,1,0
347,347,1,TRUE,-1,0,1,0
348,348,1,TRUE,-1,0,1,0
349,349,2,TRUE,-1,0,1,0
350,350,3,TRUE,-1,0,1,0
351,351,1,TRUE,-1,0,1,0
352,352,2,TRUE,-1,0,1,0
353,353,3,TRUE,-1,0,1,0
354,354,2,TRUE,-1,0,1,0
355,355,1,TRUE,-1,0,1,0
356,356,1,TRUE,-1,0,1,0
357,357,3,TRUE,-1,0,1,0
358,358,3,TRUE,-1,0,1,0
359,359,3,TRUE,-1,0,1,0
360,360,1,TRUE,-1,0,1,0
361,361,3,TRUE,-1,0,1,0
362,362,3,TRUE,-1,0,1,0
363,363,1,TRUE,-1,0,1,0
364,364,2,TRUE,-1,0,1,0
365,365,1,TRUE,-1,0,1,0
366,366,2,TRUE,-1,0,1,0
367,367,1,TRUE,-1,0,1,0
368,368,1,TRUE,-1,0,1,0
369,369,2,TRUE,-1,0,1,0
370,370,3,TRUE,-1,0,1,0
371,371,3,TRUE,-1,0,1,0
372,372,2,TRUE,-1,0,1,0
373,373,1,TRUE,-1,0,1,0
374,374,1,TRUE,-1,0,1,0
375,375,3,TRUE,-1,0,1,0
376,376,2,TRUE,-1,0,1,0
377,377,2,TRUE,-1,0,1,0
378,378,1,TRUE,-1,0,1,0
379,379,2,TRUE,-1,0,1,0
380,380,1,TRUE,-1,0,1,0
381,381,1,TRUE,-1,0,1,0
382,382,2,TRUE,-1,0,1,0
383,383,1,TRUE,-1,0,1,0
384,384,3,TRUE,-1,0,1,0
385,385,2,TRUE,-1,0,1,0
386,386,2,TRUE,-1,0,1,0
387,387,2,TRUE,-1,0,1,0
388,388,3,TRUE,-1,0,1,0
389,389,2,TRUE,-1,0,1,0
390,390,2,TRUE,-1,0,1,0
391,391,2,TRUE,-1,0,1,0
392,392,2,TRUE,-1,0,1,0
393,393,3,TRUE,-1,0,1,0
394,394,2,TRUE,-1,0,1,0
395,395,3,TRUE,-1,0,1,0
396,396,1,TRUE,-1,0,1,0
397,397,2,TRUE,-1,0,1,0
398,398,2,TRUE,-1,0,1,0
399,399,1,TRUE,-1,0,1,0
400,400,2,TRUE,-1,0,1,0
401,401,2,TRUE,-1,0,1,0
402,402,2,TRUE,-1,0,1,0
403,403,2,TRUE,-1,0,1,0
404,404,2,TRUE,-1,0,1,0
405,405,1,TRUE,-1,0,1,0
406,406,2,TRUE,-1,0,1,0
407,407,2,TRUE,-1,0,1,0
408,408,3,TRUE,-1,0,1,0
409,409,3,TRUE,-1,0,1,0
410,410,2,TRUE,-1,0,1,0
411,411,2,TRUE,-1,0,1,0
412,412,2,TRUE,-1,0,1,0
413,413,2,TRUE,-1,0,1,0
414,414,3,TRUE,-1,0,1,0
415,415,2,TRUE,-1,0,1,0
416,416,1,TRUE,-1,0,1,0
417,417,2,TRUE,-1,0,1,0
418,418,1,TRUE,-1,0,1,0
419,419,2,TRUE,-1,0,1,0
420,420,2,TRUE,-1,0,1,0
421,421,2,TRUE,-1,0,1,0
422,422,2,TRUE,-1,0,1,0
423,423,3,TRUE,-1,0,1,0
424,424,2,TRUE,-1,0,1,0
425,425,1,TRUE,-1,0,1,0
426,426,2,TRUE,-1,0,1,0
427,427,2,TRUE,-1,0,1,0
428,428,3,TRUE,-1,0,1,0
429,429,1,TRUE,-1,0,1,0
430,430,2,TRUE,-1,0,1,0
431,431,2,TRUE,-1,0,1,0
432,432,2,TRUE,-1,0,1,0
433,433,2,TRUE,-1,0,1,0
434,434,4,TRUE,-1,0,1,0
435,435,2,TRUE,-1,0,1,0
436,436,2,TRUE,-1,0,1,0
437,437,1,TRUE,-1,0,1,0
438,438,1,TRUE,-1,0,1,0
439,439,2,TRUE,-1,0,1,0
440,440,2,TRUE,-1,0,1,0
441,441,3,TRUE,-1,0,1,0
442,442,2,TRUE,-1,0,1,0
443,443,3,TRUE,-1,0,1,0
444,444,2,TRUE,-1,0,1,0
445,445,4,TRUE,-1,0,1,0
446,446,2,TRUE,-1,0,1,0
447,447,3,TRUE,-1,0,1,0
448,448,2,TRUE,-1,0,1,0
449,449,1,TRUE,-1,0,1,0
450,450,2,TRUE,-1,0,1,0
451,451,1,TRUE,-1,0,1,0
452,452,2,TRUE,-1,0,1,0
453,453,2,TRUE,-1,0,1,0
454,454,2,TRUE,-1,0,1,0
455,455,2,TRUE,-1,0,1,0
456,456,2,TRUE,-1,0,1,0
457,457,3,TRUE,-1,0,1,0
458,458,1,TRUE,-1,0,1,0
459,459,3,TRUE,-1,0,1,0
460,460,1,TRUE,-1,0,1,0
461,461,2,TRUE,-1,0,1,0
462,462,1,TRUE,-1,0,1,0
463,463,1,TRUE,-1,0,1,0
464,464,2,TRUE,-1,0,1,0
465,465,3,TRUE,-1,0,1,0
466,466,3,TRUE,-1,0,1,0
467,467,3,TRUE,-1,0,1,0
468,468,1,TRUE,-1,0,1,0
469,469,2,TRUE,-1,0,1,0
470,470,1,TRUE,-1,0,1,0
471,471,2,TRUE,-1,0,1,0
472,472,1,TRUE,-1,0,1,0
473,473,2,TRUE,-1,0,1,0
474,474,3,TRUE,-1,0,1,0
475,475,1,TRUE,-1,0,1,0
476,476,1,TRUE,-1,0,1,0
477,477,2,TRUE,-1,0,1,0
478,478,1,TRUE,-1,0,1,0
479,479,3,TRUE,-1,0,1,0
480,480,2,TRUE,-1,0,1,0
481,481,1,TRUE,-1,0,1,0
482,482,2,TRUE,-1,0,1,0
483,483,2,TRUE,-1,0,1,0
484,484,2,TRUE,-1,0,1,0
485,485,3,TRUE,-1,0,1,0
486,486,3,TRUE,-1,0,1,0
487,487,3,TRUE,-1,0,1,0
488,488,2,TRUE,-1,0,1,0
489,489,2,TRUE,-1,0,1,0
490,490,3,TRUE,-1,0,1,0
491,491,1,TRUE,-1,0,1,0
492,492,2,TRUE,-1,0,1,0
493,493,3,TRUE,-1,0,1,0
494,494,3,TRUE,-1,0,1,0
495,495,2,TRUE,-1,0,1,0
496,496,2,TRUE,-1,0,1,0
497,497,1,TRUE,-1,0,1,0
498,498,2,TRUE,-1,0,1,0
499,499,2,TRUE,-1,0,1,0
500,500,2,TRUE,-1,0,1,0
501,501,2,TRUE,-1,0,1,0
502,502,2,TRUE,-1,0,1,0
503,503,2,TRUE,-1,0,1,0
504,504,1,TRUE,-1,0,1,0
505,505,2,TRUE,-1,0,1,0
506,506,3,TRUE,-1,0,1,0
507,507,3,TRUE,-1,0,1,0
508,508,3,TRUE,-1,0,1,0
509,509,2,TRUE,-1,0,1,0
510,510,2,TRUE,-1,0,1,0
511,511,4,TRUE,-1,0,1,0
512,512,2,TRUE,-1,0,1,0
513,513,2,TRUE,-1,0,1,0
514,514,1,TRUE,-1,0,1,0
515,515,3,TRUE,-1,0,1,0
516,516,2,TRUE,-1,0,1,0
517,517,2,TRUE,-1,0,1,0
518,518,1,TRUE,-1,0,1,0
519,519,2,TRUE,-1,0,1,0
520,520,3,TRUE,-1,0,1,0
521,521,2,TRUE,-1,0,1,0
522,522,2,TRUE,-1,0,1,0
523,523,2,TRUE,-1,0,1,0
524,524,2,TRUE,-1,0,1,0
525,525,2,TRUE,-1,0,1,0
526,526,1,TRUE,-1,0,1,0
527,527,3,TRUE,-1,0,1,0
528,528,2,TRUE,-1,0,1,0
529,529,2,TRUE,-1,0,1,0
530,530,2,TRUE,-1,0,1,0
531,531,2,TRUE,-1,0,1,0
532,532,2,TRUE,-1,0,1,0
533,533,2,TRUE,-1,0,1,0
534,534,2,TRUE,-1,0,1,0
535,535,2,TRUE,-1,0,1,0
536,536,2,TRUE,-1,0,1,0
537,537,2,TRUE,-1,0,1,0
538,538,2,TRUE,-1,0,1,0
539,539,2,TRUE,-1,0,1,0
540,540,1,TRUE,-1,0,1,0
541,541,3,TRUE,-1,0,1,0
542,542,1,TRUE,-1,0,1,0
543,543,3,TRUE,-1,0,1,0
544,544,1,TRUE,-1,0,1,0
545,545,3,TRUE,-1,0,1,0
546,546,2,TRUE,-1,0,1,0
547,547,2,TRUE,-1,0,1,0
548,548,3,TRUE,-1,0,1,0
549,549,3,TRUE,-1,0,1,0
550,550,2,TRUE,-1,0,1,0
551,551,1,TRUE,-1,0,1,0
552,552,2,TRUE,-1,0,1,0
553,553,3,TRUE,-1,0,1,0
554,554,2,TRUE,-1,0,1,0
555,555,2,TRUE,-1,0,1,0
556,556,2,TRUE,-1,0,1,0
557,557,2,TRUE,-1,0,1,0
558,558,1,TRUE,-1,0,1,0
559,559,2,TRUE,-1,0,1,0
560,560,2,TRUE,-1,0,1,0
561,561,3,TRUE,-1,0,1,0
562,562,2,TRUE,-1,0,1,0
563,563,1,TRUE,-1,0,1,0
564,564,2,TRUE,-1,0,1,0
565,565,3,TRUE,-1,0,1,0
566,566,3,TRUE,-1,0,1,0
567,567,2,TRUE,-1,0,1,0
568,568,1,TRUE,-1,0,1,0
569,569,4,TRUE,-1,0,1,0
570,570,2,TRUE,-1,0,1,0
571,571,1,TRUE,-1,0,1,0
572,572,2,TRUE,-1,0,1,0
573,573,2,TRUE,-1,0,1,0
574,574,2,TRUE,-1,0,1,0
575,575,3,TRUE,-1,0,1,0
576,576,2,TRUE,-1,0,1,0
577,577,1,TRUE,-1,0,1,0
578,578,1,TRUE,-1,0,1,0
579,579,1,TRUE,-1,0,1,0
580,580,1,TRUE,-1,0,1,0
581,581,2,TRUE,-1,0,1,0
582,582,2,TRUE,-1,0,1,0
583,583,2,TRUE,-1,0,1,0
584,584,2,TRUE,-1,0,1,0
585,585,2,TRUE,-1,0,1,0
586,586,3,TRUE,-1,0,1,0
587,587,3,TRUE,-1,0,1,0
588,588,1,TRUE,-1,0,1,0
589,589,2,TRUE,-1,0,1,0
590,590,1,TRUE,-1,0,1,0
591,591,2,TRUE,-1,0,1,0
592,592,4,TRUE,-1,0,1,0
593,593,1,TRUE,-1,0,1,0
594,594,1,TRUE,-1,0,1,0
595,595,1,TRUE,-1,0,1,0
596,596,1,TRUE,-1,0,1,0
597,597,2,TRUE,-1,0,1,0
598,598,2,TRUE,-1,0,1,0
599,599,2,TRUE,-1,0,1,0
600,600,2,TRUE,-1,0,1,0
601,601,3,TRUE,-1,0,1,0
602,602,3,TRUE,-1,0,1,0
603,603,2,TRUE,-1,0,1,0
604,604,1,TRUE,-1,0,1,0
605,605,2,TRUE,-1,0,1,0
606,606,2,TRUE,-1,0,1,0
607,607,1,TRUE,-1,0,1,0
608,608,2,TRUE,-1,0,1,0
609,609,3,TRUE,-1,0,1,0
610,610,2,TRUE,-1,0,1,0
611,611,2,TRUE,-1,0,1,0
612,612,4,TRUE,-1,0,1,0
613,613,2,TRUE,-1,0,1,0
614,614,3,TRUE,-1,0,1,0
615,615,2,TRUE,-1,0,1,0
616,616,3,TRUE,-1,0,1,0
617,617,3,TRUE,-1,0,1,0
618,618,2,TRUE,-1,0,1,0
619,619,1,TRUE,-1,0,1,0
620,620,2,TRUE,-1,0,1,0
621,621,2,TRUE,-1,0,1,0
622,622,1,TRUE,-1,0,1,0
623,623,1,TRUE,-1,0,1,0
624,624,2,TRUE,-1,0,1,0
625,625,3,TRUE,-1,0,1,0
626,626,2,TRUE,-1,0,1,0
627,627,1,TRUE,-1,0,1,0
628,628,1,TRUE,-1,0,1,0
629,629,2,TRUE,-1,0,1,0
630,630,2,TRUE,-1,0,1,0
631,631,3,TRUE,-1,0,1,0
632,632,2,TRUE,-1,0,1,0
633,633,2,TRUE,-1,0,1,0
634,634,3,TRUE,-1,0,1,0
635,635,1,TRUE,-1,0,1,0
636,636,2,TRUE,-1,0,1,0
637,637,2,TRUE,-1,0,1,0
638,638,3,TRUE,-1,0,1,0
639,639,1,TRUE,-1,0,1,0
640,640,3,TRUE,-1,0,1,0
641,641,3,TRUE,-1,0,1,0
642,642,1,TRUE,-1,0,1,0
643,643,4,TRUE,-1,0,1,0
644,644,2,TRUE,-1,0,1,0
645,645,1,TRUE,-1,0,1,0
646,646,2,TRUE,-1,0,1,0
647,647,3,TRUE,-1,0,1,0
648,648,3,TRUE,-1,0,1,0
649,649,2,TRUE,-1,0,1,0
650,650,2,TRUE,-1,0,1,0
651,651,3,TRUE,-1,0,1,0
652,652,1,TRUE,-1,0,1,0
653,653,3,TRUE,-1,0,1,0
654,654,2,TRUE,-1,0,1,0
655,655,2,TRUE,-1,0,1,0
656,656,2,TRUE,-1,0,1,0
657,657,2,TRUE,-1,0,1,0
658,658,3,TRUE,-1,0,1,0
659,659,2,TRUE,-1,0,1,0
660,660,3,TRUE,-1,0,1,0
661,661,3,TRUE,-1,0,1,0
662,662,3,TRUE,-1,0,1,0
663,663,2,TRUE,-1,0,1,0
664,664,2,TRUE,-1,0,1,0
665,665,2,TRUE,-1,0,1,0
666,666,1,TRUE,-1,0,1,0
667,667,3,TRUE,-1,0,1,0
668,668,2,TRUE,-1,0,1,0
669,669,2,TRUE,-1,0,1,0
670,670,3,TRUE,-1,0,1,0
671,671,2,TRUE,-1,0,1,0
672,672,2,TRUE,-1,0,1,0
673,673,3,TRUE,-1,0,1,0
674,674,2,TRUE,-1,0,1,0
675,675,1,TRUE,-1,0,1,0
676,676,3,TRUE,-1,0,1,0
677,677,3,TRUE,-1,0,1,0
678,678,3,TRUE,-1,0,1,0
679,679,2,TRUE,-1,0,1,0
680,680,2,TRUE,-1,0,1,0
681,681,2,TRUE,-1,0,1,0
682,682,3,TRUE,-1,0,1,0
683,683,3,TRUE,-1,0,1,0
684,684,2,TRUE,-1,0,1,0
685,685,1,TRUE,-1,0,1,0
686,686,2,TRUE,-1,0,1,0
687,687,2,TRUE,-1,0,1,0
688,688,3,TRUE,-1,0,1,0
689,689,2,TRUE,-1,0,1,0
690,690,2,TRUE,-1,0,1,0
691,691,2,TRUE,-1,0,1,0
692,692,2,TRUE,-1,0,1,0
693,693,1,TRUE,-1,0,1,0
694,694,2,TRUE,-1,0,1,0
695,695,2,TRUE,-1,0,1,0
696,696,2,TRUE,-1,0,1,0
697,697,1,TRUE,-1,0,1,0
698,698,1,TRUE,-1,0,1,0
699,699,2,TRUE,-1,0,1,0
700,700,2,TRUE,-1,0,1,0
701,701,3,TRUE,-1,0,1,0
702,702,1,TRUE,-1,0,1,0
703,703,2,TRUE,-1,0,1,0
704,704,2,TRUE,-1,0,1,0
705,705,3,TRUE,-1,0,1,0
706,706,2,TRUE,-1,0,1,0
707,707,3,TRUE,-1,0,1,0
708,708,2,TRUE,-1,0,1,0
709,709,1,TRUE,-1,0,1,0
710,710,3,TRUE,-1,0,1,0
711,711,2,TRUE,-1,0,1,0
712,712,1,TRUE,-1,0,1,0
713,713,1,TRUE,-1,0,1,0
714,714,2,TRUE,-1,0,1,0
715,715,1,TRUE,-1,0,1,0
716,716,2,TRUE,-1,0,1,0
717,717,3,TRUE,-1,0,1,0
718,718,1,TRUE,-1,0,1,0
719,719,1,TRUE,-1,0,1,0
720,720,2,TRUE,-1,0,1,0
721,721,2,TRUE,1,0,1,1
722,722,3,TRUE,1,0,1,1
723,723,4,TRUE,1,0,1,1
724,724,2,TRUE,1,0,1,1
725,725,4,TRUE,1,0,1,1
726,726,3,TRUE,1,0,1,1
727,727,3,TRUE,1,0,1,1
728,728,3,TRUE,1,0,1,1
729,729,4,TRUE,1,0,1,1
730,730,4,TRUE,1,0,1,1
731,731,4,TRUE,1,0,1,1
732,732,3,TRUE,2,0,1,1
733,733,2,TRUE,1,0,1,1
734,734,3,TRUE,1,0,1,1
735,735,3,TRUE,1,0,1,1
736,736,3,TRUE,1,0,1,1
737,737,3,TRUE,1,0,1,1
738,738,3,TRUE,1,0,1,1
739,739,3,TRUE,1,0,1,1
740,740,3,TRUE,1,0,1,1
741,741,2,TRUE,1,0,1,1
742,742,3,TRUE,1,0,1,1
743,743,2,TRUE,1,0,1,1
744,744,3,TRUE,1,0,1,1
745,745,4,TRUE,1,0,1,1
746,746,3,TRUE,1,0,1,1
747,747,3,TRUE,1,0,1,1
748,748,3,TRUE,1,0,1,1
749,749,4,TRUE,1,0,1,1
750,750,3,TRUE,1,0,1,1
751,751,2,TRUE,1,0,1,1
752,752,3,TRUE,1,0,1,1
753,753,3,TRUE,2,0,1,1
754,754,3,TRUE,1,0,1,1
755,755,3,TRUE,1,0,1,1
756,756,3,TRUE,1,0,1,1
757,757,3,TRUE,1,0,1,1
758,758,3,TRUE,1,0,1,1
759,759,4,TRUE,1,0,1,1
760,760,4,TRUE,1,0,1,1
761,761,3,TRUE,1,0,1,1
762,762,4,TRUE,2,0,1,1
763,763,3,TRUE,1,0,1,1
764,764,3,TRUE,1,0,1,1
765,765,4,TRUE,1,0,1,1
766,766,4,TRUE,1,0,1,1
767,767,2,TRUE,1,0,1,1
768,768,4,TRUE,1,0,1,1
769,769,3,TRUE,1,0,1,1
770,770,4,TRUE,1,0,1,1
771,771,4,TRUE,1,0,1,1
772,772,3,TRUE,1,0,1,1
773,773,4,TRUE,1,0,1,1
774,774,4,TRUE,1,0,1,1
775,775,3,TRUE,1,0,1,1
776,776,3,TRUE,1,0,1,1
777,777,4,TRUE,1,0,1,1
778,778,2,TRUE,1,0,1,1
779,779,3,TRUE,1,0,1,1
780,780,3,TRUE,1,0,1,1
781,781,4,TRUE,1,0,1,1
782,782,4,TRUE,1,0,1,1
783,783,4,TRUE,1,0,1,1
784,784,4,TRUE,1,0,1,1
785,785,3,TRUE,1,0,1,1
786,786,4,TRUE,1,0,1,1
787,787,4,TRUE,1,0,1,1
788,788,4,TRUE,1,0,1,1
789,789,3,TRUE,1,0,1,1
790,790,3,TRUE,1,0,1,1
791,791,3,TRUE,1,0,1,1
792,792,3,TRUE,1,0,1,1
793,793,4,TRUE,1,0,1,1
794,794,2,TRUE,1,0,1,1
795,795,4,TRUE,1,0,1,1
796,796,3,TRUE,1,0,1,1
797,797,3,TRUE,1,0,1,1
798,798,3,TRUE,1,0,1,1
799,799,3,TRUE,1,0,1,1
800,800,3,TRUE,1,0,1,1
801,801,3,TRUE,1,0,1,1
802,802,3,TRUE,1,0,1,1
803,803,3,TRUE,1,0,1,1
804,804,3,TRUE,1,0,1,1
805,805,2,TRUE,1,0,1,1
806,806,3,TRUE,1,0,1,1
807,807,3,TRUE,1,0,1,1
808,808,3,TRUE,2,0,1,1
809,809,2,TRUE,1,0,1,1
810,810,4,TRUE,2,0,1,1
811,811,3,TRUE,1,0,1,1
812,812,3,TRUE,1,0,1,1
813,813,3,TRUE,1,0,1,1
814,814,3,TRUE,1,0,1,1
815,815,3,TRUE,1,0,1,1
816,816,3,TRUE,1,0,1,1
817,817,4,TRUE,1,0,1,1
818,818,3,TRUE,1,0,1,1
819,819,3,TRUE,1,0,1,1
820,820,3,TRUE,1,0,1,1
821,821,3,TRUE,2,0,1,1
822,822,4,TRUE,1,0,1,1
823,823,4,TRUE,2,0,1,1
824,824,3,TRUE,1,0,1,1
825,825,4,TRUE,2,0,1,1
826,826,2,TRUE,1,0,1,1
827,827,4,TRUE,2,0,1,1
828,828,3,TRUE,1,0,1,1
829,829,2,TRUE,1,0,1,1
830,830,3,TRUE,1,0,1,1
831,831,3,TRUE,1,0,1,1
832,832,3,TRUE,1,0,1,1
833,833,3,TRUE,1,0,1,1
834,834,3,TRUE,1,0,1,1
835,835,2,TRUE,1,0,1,1
836,836,4,TRUE,1,0,1,1
837,837,2,TRUE,1,0,1,1
838,838,3,TRUE,2,0,1,1
839,839,2,TRUE,1,0,1,1
840,840,3,TRUE,1,0,1,1
841,841,3,TRUE,1,0,1,1
842,842,4,TRUE,1,0,1,1
843,843,3,TRUE,1,0,1,1
844,844,3,TRUE,1,0,1,1
845,845,4,TRUE,1,0,1,1
846,846,4,TRUE,1,0,1,1
847,847,4,TRUE,1,0,1,1
848,848,3,TRUE,1,0,1,1
849,849,3,TRUE,1,0,1,1
850,850,2,TRUE,1,0,1,1
851,851,3,TRUE,1,0,1,1
852,852,3,TRUE,1,0,1,1
853,853,4,TRUE,1,0,1,1
854,854,2,TRUE,1,0,1,1
855,855,3,TRUE,1,0,1,1
856,856,4,TRUE,1,0,1,1
857,857,3,TRUE,1,0,1,1
858,858,3,TRUE,1,0,1,1
859,859,2,TRUE,1,0,1,1
860,860,3,TRUE,1,0,1,1
861,861,3,TRUE,1,0,1,1
862,862,3,TRUE,2,0,1,1
863,863,4,TRUE,2,0,1,1
864,864,3,TRUE,1,0,1,1
865,865,4,TRUE,1,0,1,1
866,866,4,TRUE,1,0,1,1
867,867,3,TRUE,1,0,1,1
868,868,3,TRUE,1,0,1,1
869,869,3,TRUE,1,0,1,1
870,870,2,TRUE,1,0,1,1
871,871,3,TRUE,2,0,1,1
872,872,4,TRUE,1,0,1,1
873,873,3,TRUE,1,0,1,1
874,874,3,TRUE,1,0,1,1
875,875,4,TRUE,3,0,1,1
876,876,3,TRUE,1,0,1,1
877,877,4,TRUE,2,0,1,1
878,878,3,TRUE,1,0,1,1
879,879,4,TRUE,1,0,1,1
880,880,4,TRUE,2,0,1,1
881,881,3,TRUE,1,0,1,1
882,882,3,TRUE,1,0,1,1
883,883,3,TRUE,1,0,1,1
884,884,3,TRUE,1,0,1,1
885,885,2,TRUE,1,0,1,1
886,886,3,TRUE,1,0,1,1
887,887,3,TRUE,1,0,1,1
888,888,3,TRUE,1,0,1,1
889,889,3,TRUE,1,0,1,1
890,890,3,TRUE,1,0,1,1
891,891,4,TRUE,1,0,1,1
892,892,3,TRUE,1,0,1,1
893,893,3,TRUE,1,0,1,1
894,894,3,TRUE,1,0,1,1
895,895,4,TRUE,1,0,1,1
896,896,3,TRUE,1,0,1,1
897,897,2,TRUE,1,0,1,1
898,898,4,TRUE,1,0,1,1
899,899,4,TRUE,1,0,1,1
900,900,2,TRUE,1,0,1,1
901,901,3,TRUE,1,0,1,1
902,902,4,TRUE,2,0,1,1
903,903,3,TRUE,1,0,1,1
904,904,3,TRUE,1,0,1,1
905,905,3,TRUE,1,0,1,1
906,906,4,TRUE,1,0,1,1
907,907,3,TRUE,1,0,1,1
908,908,4,TRUE,1,0,1,1
909,909,3,TRUE,1,0,1,1
910,910,4,TRUE,2,0,1,1
911,911,3,TRUE,1,0,1,1
912,912,3,TRUE,1,0,1,1
913,913,3,TRUE,1,0,1,1
914,914,3,TRUE,1,0,1,1
915,915,4,TRUE,1,0,1,1
916,916,4,TRUE,1,0,1,1
917,917,2,TRUE,1,0,1,1
918,918,3,TRUE,1,0,1,1
919,919,4,TRUE,1,0,1,1
920,920,3,TRUE,1,0,1,1
921,921,4,TRUE,1,0,1,1
922,922,3,TRUE,2,0,1,1
923,923,3,TRUE,1,0,1,1
924,924,3,TRUE,1,0,1,1
925,925,3,TRUE,1,0,1,1
926,926,4,TRUE,1,0,1,1
927,927,4,TRUE,1,0,1,1
928,928,2,TRUE,1,0,1,1
929,929,3,TRUE,1,0,1,1
930,930,3,TRUE,2,0,1,1
931,931,3,TRUE,1,0,1,1
932,932,3,TRUE,1,0,1,1
933,933,3,TRUE,2,0,1,1
934,934,3,TRUE,1,0,1,1
935,935,3,TRUE,1,0,1,1
936,936,3,TRUE,1,0,1,1
937,937,3,TRUE,1,0,1,1
938,938,3,TRUE,1,0,1,1
939,939,3,TRUE,1,0,1,1
940,940,4,TRUE,1,0,1,1
941,941,4,TRUE,1,0,1,1
942,942,3,TRUE,1,0,1,1
943,943,3,TRUE,1,0,1,1
944,944,3,TRUE,1,0,1,1
945,945,2,TRUE,1,0,1,1
946,946,3,TRUE,1,0,1,1
947,947,3,TRUE,2,0,1,1
948,948,3,TRUE,1,0,1,1
949,949,4,TRUE,1,0,1,1
950,950,3,TRUE,1,0,1,1
951,951,3,TRUE,1,0,1,1
952,952,3,TRUE,1,0,1,1
953,953,3,TRUE,1,0,1,1
954,954,3,TRUE,1,0,1,1
955,955,3,TRUE,1,0,1,1
956,956,4,TRUE,1,0,1,1
957,957,3,TRUE,1,0,1,1
958,958,3,TRUE,1,0,1,1
959,959,3,TRUE,1,0,1,1
960,960,2,TRUE,1,0,1,1
961,961,4,TRUE,1,0,1,1
962,962,3,TRUE,1,0,1,1
963,963,3,TRUE,1,0,1,1
964,964,4,TRUE,1,0,1,1
965,965,3,TRUE,1,0,1,1
966,966,4,TRUE,1,0,1,1
967,967,3,TRUE,2,0,1,1
968,968,3,TRUE,2,0,1,1
969,969,4,TRUE,1,0,1,1
970,970,4,TRUE,1,0,1,1
971,971,2,TRUE,1,0,1,1
972,972,3,TRUE,1,0,1,1
973,973,3,TRUE,1,0,1,1
974,974,3,TRUE,1,0,1,1
975,975,3,TRUE,2,0,1,1
976,976,3,TRUE,1,0,1,1
977,977,3,TRUE,1,0,1,1
978,978,3,TRUE,1,0,1,1
979,979,4,TRUE,2,0,1,1
980,980,3,TRUE,1,0,1,1
981,981,3,TRUE,1,0,1,1
982,982,3,TRUE,1,0,1,1
983,983,3,TRUE,1,0,1,1
984,984,3,TRUE,1,0,1,1
985,985,3,TRUE,1,0,1,1
986,986,3,TRUE,1,0,1,1
987,987,3,TRUE,1,0,1,1
988,988,4,TRUE,2,0,1,1
989,989,4,TRUE,1,0,1,1
990,990,4,TRUE,1,0,1,1
991,991,4,TRUE,1,0,1,1
992,992,3,TRUE,1,0,1,1
993,993,4,TRUE,1,0,1,1
994,994,2,TRUE,1,0,1,1
995,995,4,TRUE,1,0,1,1
996,996,2,TRUE,1,0,1,1
997,997,2,TRUE,1,0,1,1
998,998,4,TRUE,1,0,1,1
999,999,3,TRUE,2,0,1,1
1000,1000,2,TRUE,1,0,1,1
1001,1001,3,TRUE,1,0,1,1
1002,1002,2,TRUE,1,0,1,1
1003,1003,4,TRUE,1,0,1,1
1004,1004,3,TRUE,1,0,1,1
1005,1005,4,TRUE,1,0,1,1
1006,1006,4,TRUE,1,0,1,1
1007,1007,3,TRUE,1,0,1,1
1008,1008,3,TRUE,1,0,1,1
1009,1009,3,TRUE,1,0,1,1
1010,1010,3,TRUE,1,0,1,1
1011,1011,3,TRUE,1,0,1,1
1012,1012,3,TRUE,2,0,1,1
1013,1013,3,TRUE,1,0,1,1
1014,1014,4,TRUE,1,0,1,1
1015,1015,3,TRUE,1,0,1,1
1016,1016,3,TRUE,1,0,1,1
1017,1017,3,TRUE,1,0,1,1
1018,1018,3,TRUE,1,0,1,1
1019,1019,4,TRUE,2,0,1,1
1020,1020,3,TRUE,1,0,1,1
1021,1021,4,TRUE,2,0,1,1
1022,1022,3,TRUE,1,0,1,1
1023,1023,4,TRUE,2,0,1,1
1024,1024,4,TRUE,1,0,1,1
1025,1025,2,TRUE,1,0,1,1
1026,1026,3,TRUE,1,0,1,1
1027,1027,2,TRUE,1,0,1,1
1028,1028,3,TRUE,1,0,1,1
1029,1029,3,TRUE,1,0,1,1
1030,1030,3,TRUE,1,0,1,1
1031,1031,4,TRUE,1,0,1,1
1032,1032,4,TRUE,1,0,1,1
1033,1033,3,TRUE,1,0,1,1
1034,1034,3,TRUE,2,0,1,1
1035,1035,3,TRUE,1,0,1,1
1036,1036,3,TRUE,2,0,1,1
1037,1037,3,TRUE,1,0,1,1
1038,1038,2,TRUE,1,0,1,1
1039,1039,4,TRUE,1,0,1,1
1040,1040,2,TRUE,1,0,1,1
1041,1041,2,TRUE,1,0,1,1
1042,1042,3,TRUE,1,0,1,1
1043,1043,2,TRUE,1,0,1,1
1044,1044,3,TRUE,1,0,1,1
1045,1045,3,TRUE,1,0,1,1
1046,1046,3,TRUE,1,0,1,1
1047,1047,3,TRUE,1,0,1,1
1048,1048,3,TRUE,1,0,1,1
1049,1049,3,TRUE,1,0,1,1
1050,1050,3,TRUE,1,0,1,1
1051,1051,4,TRUE,1,0,1,1
1052,1052,4,TRUE,2,0,1,1
1053,1053,3,TRUE,1,0,1,1
1054,1054,4,TRUE,3,0,1,1
1055,1055,4,TRUE,1,0,1,1
1056,1056,3,TRUE,2,0,1,1
1057,1057,3,TRUE,1,0,1,1
1058,1058,3,TRUE,1,0,1,1
1059,1059,3,TRUE,1,0,1,1
1060,1060,3,TRUE,1,0,1,1
1061,1061,4,TRUE,1,0,1,1
1062,1062,4,TRUE,1,0,1,1
1063,1063,4,TRUE,1,0,1,1
1064,1064,3,TRUE,1,0,1,1
1065,1065,3,TRUE,1,0,1,1
1066,1066,3,TRUE,1,0,1,1
1067,1067,2,TRUE,1,0,1,1
1068,1068,3,TRUE,2,0,1,1
1069,1069,2,TRUE,1,0,1,1
1070,1070,3,TRUE,1,0,1,1
1071,1071,2,TRUE,1,0,1,1
1072,1072,3,TRUE,1,0,1,1
1073,1073,3,TRUE,2,0,1,1
1074,1074,3,TRUE,1,0,1,1
1075,1075,3,TRUE,1,0,1,1
1076,1076,3,TRUE,1,0,1,1
1077,1077,3,TRUE,1,0,1,1
1078,1078,2,TRUE,1,0,1,1
1079,1079,3,TRUE,1,0,1,1
1080,1080,3,TRUE,1,0,1,1
1081,1081,3,TRUE,1,0,1,1
1082,1082,2,TRUE,1,0,1,1
1083,1083,3,TRUE,2,0,1,1
1084,1084,4,TRUE,1,0,1,1
1085,1085,3,TRUE,1,0,1,1
1086,1086,3,TRUE,1,0,1,1
1087,1087,3,TRUE,1,0,1,1
1088,1088,3,TRUE,1,0,1,1
1089,1089,4,TRUE,1,0,1,1
1090,1090,2,TRUE,1,0,1,1
1091,1091,3,TRUE,1,0,1,1
1092,1092,4,TRUE,1,0,1,1
1093,1093,3,TRUE,1,0,1,1
1094,1094,4,TRUE,2,0,1,1
1095,1095,4,TRUE,1,0,1,1
1096,1096,4,TRUE,1,0,1,1
1097,1097,3,TRUE,1,0,1,1
1098,1098,4,TRUE,1,0,1,1
1099,1099,3,TRUE,1,0,1,1
1100,1100,3,TRUE,1,0,1,1
1101,1101,4,TRUE,1,0,1,1
1102,1102,4,TRUE,1,0,1,1
1103,1103,3,TRUE,1,0,1,1
1104,1104,3,TRUE,1,0,1,1
1105,1105,4,TRUE,1,0,1,1
1106,1106,4,TRUE,1,0,1,1
1107,1107,3,TRUE,1,0,1,1
1108,1108,4,TRUE,1,0,1,1
1109,1109,4,TRUE,1,0,1,1
1110,1110,2,TRUE,1,0,1,1
1111,1111,2,TRUE,1,0,1,1
1112,1112,3,TRUE,1,0,1,1
1113,1113,3,TRUE,1,0,1,1
1114,1114,4,TRUE,1,0,1,1
1115,1115,3,TRUE,1,0,1,1
1116,1116,3,TRUE,1,0,1,1
1117,1117,3,TRUE,1,0,1,1
1118,1118,3,TRUE,1,0,1,1
1119,1119,3,TRUE,1,0,1,1
1120,1120,3,TRUE,1,0,1,1
1121,1121,4,TRUE,1,0,1,1
1122,1122,3,TRUE,1,0,1,1
1123,1123,3,TRUE,2,0,1,1
1124,1124,2,TRUE,1,0,1,1
1125,1125,4,TRUE,1,0,1,1
1126,1126,3,TRUE,1,0,1,1
1127,1127,4,TRUE,1,0,1,1
1128,1128,2,TRUE,1,0,1,1
1129,1129,4,TRUE,1,0,1,1
1130,1130,4,TRUE,1,0,1,1
1131,1131,4,TRUE,1,0,1,1
1132,1132,4,TRUE,2,0,1,1
1133,1133,3,TRUE,1,0,1,1
1134,1134,4,TRUE,2,0,1,1
1135,1135,3,TRUE,1,0,1,1
1136,1136,3,TRUE,1,0,1,1
1137,1137,3,TRUE,2,0,1,1
1138,1138,3,TRUE,2,0,1,1
1139,1139,2,TRUE,1,0,1,1
1140,1140,2,TRUE,1,0,1,1
1141,1141,2,TRUE,1,0,1,1
1142,1142,3,TRUE,1,0,1,1
1143,1143,4,TRUE,1,0,1,1
1144,1144,2,TRUE,1,0,1,1
1145,1145,3,TRUE,1,0,1,1
1146,1146,4,TRUE,1,0,1,1
1147,1147,3,TRUE,1,0,1,1
1148,1148,3,TRUE,1,0,1,1
1149,1149,3,TRUE,1,0,1,1
1150,1150,4,TRUE,1,0,1,1
1151,1151,4,TRUE,1,0,1,1
1152,1152,3,TRUE,1,0,1,1
1153,1153,4,TRUE,1,0,1,1
1154,1154,4,TRUE,1,0,1,1
1155,1155,3,TRUE,1,0,1,1
1156,1156,3,TRUE,1,0,1,1
1157,1157,3,TRUE,1,0,1,1
1158,1158,1,TRUE,-2,0,1,1
1159,1159,3,TRUE,1,0,1,1
1160,1160,4,TRUE,1,0,1,1
1161,1161,3,TRUE,1,0,1,1
1162,1162,3,TRUE,1,0,1,1
1163,1163,3,TRUE,1,0,1,1
1164,1164,4,TRUE,1,0,1,1
1165,1165,4,TRUE,2,0,1,1
1166,1166,2,TRUE,1,0,1,1
1167,1167,2,TRUE,1,0,1,1
1168,1168,4,TRUE,1,0,1,1
1169,1169,4,TRUE,1,0,1,1
1170,1170,3,TRUE,1,0,1,1
1171,1171,3,TRUE,2,0,1,1
1172,1172,2,TRUE,1,0,1,1
1173,1173,4,TRUE,1,0,1,1
1174,1174,3,TRUE,1,0,1,1
1175,1175,3,TRUE,1,0,1,1
1176,1176,3,TRUE,1,0,1,1
1177,1177,3,TRUE,1,0,1,1
1178,1178,3,TRUE,1,0,1,1
1179,1179,4,TRUE,1,0,1,1
1180,1180,3,TRUE,1,0,1,1
1181,1181,3,TRUE,1,0,1,1
1182,1182,3,TRUE,1,0,1,1
1183,1183,3,TRUE,1,0,1,1
1184,1184,3,TRUE,1,0,1,1
1185,1185,3,TRUE,1,0,1,1
1186,1186,3,TRUE,1,0,1,1
1187,1187,3,TRUE,1,0,1,1
1188,1188,4,TRUE,1,0,1,1
1189,1189,3,TRUE,1,0,1,1
1190,1190,4,TRUE,1,0,1,1
1191,1191,3,TRUE,1,0,1,1
1192,1192,3,TRUE,1,0,1,1
1193,1193,3,TRUE,1,0,1,1
1194,1194,4,TRUE,1,0,1,1
1195,1195,2,TRUE,1,0,1,1
1196,1196,3,TRUE,1,0,1,1
1197,1197,2,TRUE,1,0,1,1
1198,1198,3,TRUE,1,0,1,1
1199,1199,3,TRUE,1,0,1,1
1200,1200,4,TRUE,2,0,1,1
1201,1201,3,TRUE,1,0,1,1
1202,1202,2,TRUE,1,0,1,1
1203,1203,2,TRUE,1,0,1,1
1204,1204,3,TRUE,1,0,1,1
1205,1205,3,TRUE,1,0,1,1
1206,1206,3,TRUE,1,0,1,1
1207,1207,3,TRUE,1,0,1,1
1208,1208,3,TRUE,1,0,1,1
1209,1209,3,TRUE,1,0,1,1
1210,1210,3,TRUE,1,0,1,1
1211,1211,3,TRUE,1,0,1,1
1212,1212,3,TRUE,1,0,1,1
1213,1213,3,TRUE,1,0,1,1
1214,1214,4,TRUE,1,0,1,1
1215,1215,3,TRUE,1,0,1,1
1216,1216,2,TRUE,1,0,1,1
1217,1217,4,TRUE,1,0,1,1
1218,1218,3,TRUE,1,0,1,1
1219,1219,3,TRUE,1,0,1,1
1220,1220,3,TRUE,1,0,1,1
1221,1221,4,TRUE,1,0,1,1
1222,1222,2,TRUE,1,0,1,1
1223,1223,3,TRUE,1,0,1,1
1224,1224,4,TRUE,1,0,1,1
1225,1225,3,TRUE,1,0,1,1
1226,1226,3,TRUE,1,0,1,1
1227,1227,4,TRUE,1,0,1,1
1228,1228,3,TRUE,1,0,1,1
1229,1229,4,TRUE,2,0,1,1
1230,1230,3,TRUE,1,0,1,1
1231,1231,3,TRUE,1,0,1,1
1232,1232,4,TRUE,1,0,1,1
1233,1233,3,TRUE,1,0,1,1
1234,1234,4,TRUE,1,0,1,1
1235,1235,3,TRUE,1,0,1,1
1236,1236,3,TRUE,1,0,1,1
1237,1237,3,TRUE,1,0,1,1
1238,1238,3,TRUE,1,0,1,1
1239,1239,3,TRUE,1,0,1,1
1240,1240,3,TRUE,1,0,1,1
1241,1241,3,TRUE,1,0,1,1
1242,1242,2,TRUE,1,0,1,1
1243,1243,3,TRUE,1,0,1,1
1244,1244,3,TRUE,1,0,1,1
1245,1245,4,TRUE,1,0,1,1
1246,1246,3,TRUE,1,0,1,1
1247,1247,3,TRUE,1,0,1,1
1248,1248,4,TRUE,1,0,1,1
1249,1249,3,TRUE,1,0,1,1
1250,1250,3,TRUE,1,0,1,1
1251,1251,4,TRUE,1,0,1,1
1252,1252,4,TRUE,1,0,1,1
1253,1253,2,TRUE,1,0,1,1
1254,1254,3,TRUE,1,0,1,1
1255,1255,3,TRUE,1,0,1,1
1256,1256,4,TRUE,2,0,1,1
1257,1257,3,TRUE,1,0,1,1
1258,1258,3,TRUE,1,0,1,1
1259,1259,4,TRUE,1,0,1,1
1260,1260,2,TRUE,1,0,1,1
1261,1261,4,TRUE,2,0,1,1
1262,1262,3,TRUE,1,0,1,1
1263,1263,3,TRUE,1,0,1,1
1264,1264,3,TRUE,1,0,1,1
1265,1265,3,TRUE,1,0,1,1
1266,1266,3,TRUE,1,0,1,1
1267,1267,4,TRUE,2,0,1,1
1268,1268,4,TRUE,1,0,1,1
1269,1269,4,TRUE,1,0,1,1
1270,1270,3,TRUE,1,0,1,1
1271,1271,3,TRUE,1,0,1,1
1272,1272,2,TRUE,1,0,1,1
1273,1273,4,TRUE,1,0,1,1
1274,1274,3,TRUE,1,0,1,1
1275,1275,3,TRUE,2,0,1,1
1276,1276,3,TRUE,1,0,1,1
1277,1277,3,TRUE,1,0,1,1
1278,1278,3,TRUE,1,0,1,1
1279,1279,3,TRUE,1,0,1,1
1280,1280,4,TRUE,1,0,1,1
1281,1281,2,TRUE,1,0,1,1
1282,1282,4,TRUE,1,0,1,1
1283,1283,3,TRUE,1,0,1,1
1284,1284,4,TRUE,1,0,1,1
1285,1285,3,TRUE,1,0,1,1
1286,1286,3,TRUE,1,0,1,1
1287,1287,3,TRUE,1,0,1,1
1288,1288,3,TRUE,1,0,1,1
1289,1289,3,TRUE,1,0,1,1
1290,1290,4,TRUE,1,0,1,1
1291,1291,3,TRUE,1,0,1,1
1292,1292,4,TRUE,1,0,1,1
1293,1293,3,TRUE,1,0,1,1
1294,1294,3,TRUE,1,0,1,1
1295,1295,3,TRUE,1,0,1,1
1296,1296,4,TRUE,1,0,1,1
1297,1297,3,TRUE,1,0,1,1
1298,1298,3,TRUE,1,0,1,1
1299,1299,3,TRUE,1,0,1,1
1300,1300,3,TRUE,1,0,1,1
1301,1301,4,TRUE,1,0,1,1
1302,1302,3,TRUE,1,0,1,1
1303,1303,2,TRUE,1,0,1,1
1304,1304,3,TRUE,1,0,1,1
1305,1305,4,TRUE,1,0,1,1
1306,1306,3,TRUE,1,0,1,1
1307,1307,3,TRUE,1,0,1,1
1308,1308,3,TRUE,1,0,1,1
1309,1309,3,TRUE,1,0,1,1
1310,1310,4,TRUE,1,0,1,1
1311,1311,3,TRUE,1,0,1,1
1312,1312,3,TRUE,1,0,1,1
1313,1313,3,TRUE,1,0,1,1
1314,1314,3,TRUE,1,0,1,1
1315,1315,2,TRUE,1,0,1,1
1316,1316,3,TRUE,1,0,1,1
1317,1317,4,TRUE,1,0,1,1
1318,1318,3,TRUE,1,0,1,1
1319,1319,2,TRUE,1,0,1,1
1320,1320,3,TRUE,1,0,1,1
1321,1321,3,TRUE,1,0,1,1
1322,1322,3,TRUE,1,0,1,1
1323,1323,3,TRUE,1,0,1,1
1324,1324,3,TRUE,1,0,1,1
1325,1325,2,TRUE,1,0,1,1
1326,1326,2,TRUE,1,0,1,1
1327,1327,3,TRUE,1,0,1,1
1328,1328,2,TRUE,1,0,1,1
1329,1329,3,TRUE,1,0,1,1
1330,1330,3,TRUE,1,0,1,1
1331,1331,3,TRUE,1,0,1,1
1332,1332,3,TRUE,1,0,1,1
1333,1333,4,TRUE,1,0,1,1
1334,1334,4,TRUE,1,0,1,1
1335,1335,3,TRUE,1,0,1,1
1336,1336,3,TRUE,1,0,1,1
1337,1337,3,TRUE,1,0,1,1
1338,1338,3,TRUE,1,0,1,1
1339,1339,3,TRUE,1,0,1,1
1340,1340,4,TRUE,1,0,1,1
1341,1341,3,TRUE,1,0,1,1
1342,1342,3,TRUE,1,0,1,1
1343,1343,2,TRUE,1,0,1,1
1344,1344,3,TRUE,1,0,1,1
1345,1345,2,TRUE,1,0,1,1
1346,1346,3,TRUE,1,0,1,1
1347,1347,4,TRUE,2,0,1,1
1348,1348,3,TRUE,1,0,1,1
1349,1349,2,TRUE,1,0,1,1
1350,1350,3,TRUE,1,0,1,1
1351,1351,3,TRUE,1,0,1,1
1352,1352,3,TRUE,1,0,1,1
1353,1353,3,TRUE,1,0,1,1
1354,1354,4,TRUE,1,0,1,1
1355,1355,4,TRUE,2,0,1,1
1356,1356,3,TRUE,2,0,1,1
1357,1357,4,TRUE,1,0,1,1
1358,1358,4,TRUE,1,0,1,1
1359,1359,2,TRUE,1,0,1,1
1360,1360,3,TRUE,1,0,1,1
1361,1361,2,TRUE,1,0,1,1
1362,1362,3,TRUE,1,0,1,1
1363,1363,3,TRUE,1,0,1,1
1364,1364,3,TRUE,1,0,1,1
1365,1365,3,TRUE,1,0,1,1
1366,1366,3,TRUE,1,0,1,1
1367,1367,4,TRUE,1,0,1,1
1368,1368,3,TRUE,1,0,1,1
1369,1369,3,TRUE,1,0,1,1
1370,1370,3,TRUE,1,0,1,1
1371,1371,3,TRUE,1,0,1,1
1372,1372,4,TRUE,1,0,1,1
1373,1373,4,TRUE,1,0,1,1
1374,1374,3,TRUE,1,0,1,1
1375,1375,2,TRUE,1,0,1,1
1376,1376,2,TRUE,1,0,1,1
1377,1377,4,TRUE,1,0,1,1
1378,1378,2,TRUE,1,0,1,1
1379,1379,3,TRUE,1,0,1,1
1380,1380,4,TRUE,1,0,1,1
1381,1381,4,TRUE,1,0,1,1
1382,1382,3,TRUE,1,0,1,1
1383,1383,4,TRUE,1,0,1,1
1384,1384,4,TRUE,1,0,1,1
1385,1385,2,TRUE,1,0,1,1
1386,1386,3,TRUE,1,0,1,1
1387,1387,4,TRUE,1,0,1,1
1388,1388,3,TRUE,1,0,1,1
1389,1389,2,TRUE,1,0,1,1
1390,1390,4,TRUE,1,0,1,1
1391,1391,3,TRUE,1,0,1,1
1392,1392,3,TRUE,1,0,1,1
1393,1393,4,TRUE,1,0,1,1
1394,1394,3,TRUE,1,0,1,1
1395,1395,3,TRUE,1,0,1,1
1396,1396,4,TRUE,1,0,1,1
1397,1397,3,TRUE,1,0,1,1
1398,1398,3,TRUE,1,0,1,1
1399,1399,4,TRUE,1,0,1,1
1400,1400,3,TRUE,1,0,1,1
1401,1401,3,TRUE,1,0,1,1
1402,1402,3,TRUE,1,0,1,1
1403,1403,3,TRUE,1,0,1,1
1404,1404,4,TRUE,1,0,1,1
1405,1405,3,TRUE,1,0,1,1
1406,1406,2,TRUE,1,0,1,1
1407,1407,3,TRUE,1,0,1,1
1408,1408,4,TRUE,1,0,1,1
1409,1409,3,TRUE,1,0,1,1
1410,1410,2,TRUE,1,0,1,1
1411,1411,3,TRUE,1,0,1,1
1412,1412,4,TRUE,1,0,1,1
1413,1413,4,TRUE,1,0,1,1
1414,1414,3,TRUE,1,0,1,1
1415,1415,2,TRUE,1,0,1,1
1416,1416,4,TRUE,1,0,1,1
1417,1417,3,TRUE,1,0,1,1
1418,1418,4,TRUE,1,0,1,1
1419,1419,3,TRUE,1,0,1,1
1420,1420,2,TRUE,1,0,1,1
1421,1421,2,TRUE,1,0,1,1
1422,1422,4,TRUE,1,0,1,1
1423,1423,3,TRUE,1,0,1,1
1424,1424,3,TRUE,1,0,1,1
1425,1425,2,TRUE,1,0,1,1
1426,1426,3,TRUE,1,0,1,1
1427,1427,2,TRUE,1,0,1,1
1428,1428,2,TRUE,1,0,1,1
1429,1429,3,TRUE,1,0,1,1
1430,1430,4,TRUE,1,0,1,1
1431,1431,3,TRUE,1,0,1,1
1432,1432,3,TRUE,1,0,1,1
1433,1433,3,TRUE,1,0,1,1
1434,1434,3,TRUE,1,0,1,1
1435,1435,3,TRUE,1,0,1,1
1436,1436,3,TRUE,1,0,1,1
1437,1437,3,TRUE,1,0,1,1
1438,1438,2,TRUE,1,0,1,1
1439,1439,4,TRUE,2,0,1,1
1440,1440,2,TRUE,1,0,1,1
